Epitope,CDR3,Affinity
LLWNGPMAV,CSATAAGNQPQHF,1
LLWNGPMAV,CASSGRGEDTQYF,1
LLWNGPMAV,CASSAGQGAYEQFF,1
LLWNGPMAV,CASSLLSGGTAYEQYF,1
LLWNGPMAV,CASSLVRTSLPREQFF,1
LLWNGPMAV,CATSASSGQGAYEQFF,1
LLWNGPMAV,CASSLAGGLRYNEQFF,1
LLWNGPMAV,CAISERGQGNAEAFF,1
LLWNGPMAV,CSAPLAGTAYEQYF,1
LLWNGPMAV,CANSRDRVEGYTF,1
LLWNGPMAV,CASRADRVSYGYTF,1
LLWNGPMAV,CASSEGRSTDTQYF,1
LLWNGPMAV,CASSPTIGVLRYF,1
LLWNGPMAV,CSARDIYRGRIGGYTF,1
LLWNGPMAV,CASSYSRQGETQYF,1
LLWNGPMAV,LYGEHCHGQETQYF,1
LLWNGPMAV,CASSFGRTEAFF,1
LLWNGPMAV,CAISTHRGGYTF,1
LLWNGPMAV,CASSQTREGYGYTF,1
LLWNGPMAV,CASTPGTESYEQYFGPGPVSEAFF,1
LLWNGPMAV,CASSQTSGSGANVLTF,1
LLWNGPMAV,CASSPGGAFYNEQFF,1
LLWNGPMAV,CARGGRAIGPRLSRVTKAAGARPPA,1
LLWNGPMAV,CASGFGSYEQYF,1
LLWNGPMAV,CAVDSSGGTGLDEQYF,1
LLWNGPMAV,CASSLGTSGAYEQYV,1
LLWNGPMAV,CSVARPSSYEQYF,1
LLWNGPMAV,CACAGLAYEQYF,1
LLWNGPMAV,CASSRRENTEAFF,1
LLWNGPMAV,CASSSKTDYEQYF,1
LLWNGPMAV,CSPGAAYEQYF,1
LLWNGPMAV,CSAPLAGGANEQFF,1
LLWNGPMAV,CSAVLPGQDYTGELFF,1
LLWNGPMAV,CASSLENRESGTQYF,1
LLWNGPMAV,CSAPLAGGLNEQFF,1
LLWNGPMAV,CASSGQGSHEQYV,1
LLWNGPMAV,CASSAAGGGNEQFF,1
LLWNGPMAV,CASNGAGLAYEQYF,1
LLWNGPMAV,CASSAAGAVYNEQFF,1
LLWNGPMAV,CASSAGTGAYGYTF,1
LLWNGPMAV,CSARDLVGGDTQYF,1
LLWNGPMAV,CASSQENRGPSPQHF,1
LLWNGPMAV,CASTPGLQEKLFF,1
LLWNGPMAV,CSAPTVGGQGYNEQFF,1
LLWNGPMAV,CASLGGIPVNEQFF,1
LLWNGPMAV,CSEVAASGSSYNEQFF,1
LLWNGPMAV,CASSVGGGAPYNEQFF,1
LLWNGPMAV,CASSAGTGDNEQFF,1
LLWNGPMAV,CASSLEVLAGGQLQFF,1
LLWNGPMAV,CASSGSSGGHPYEQYF,1
LLWNGPMAV,CASSYTGAYVLTF,1
LLWNGPMAV,CASRLPVPGQGWTEAFF,1
LLWNGPMAV,CAAGHSIRVSYMGVLRGAAG,1
LLWNGPMAV,CASSLEGYGTPAEAFF,1
LLWNGPMAV,CASSHPGTYTEAFF,1
LLWNGPMAV,CAISEGGALSYEQYV,1
LLWNGPMAV,CSAKNSGGYNEQFF,1
LLWNGPMAV,CSVDRDRGREQYV,1
LLWNGPMAV,CASSAWGQGYETQYF,1
LLWNGPMAV,CASSSPGLGRGEQFF,1
LLWNGPMAV,CATSRGQGAYEQYF,1
LLWNGPMAV,CASSQTLSYNEQFF,1
LLWNGPMAV,CASSESGTAYGYTF,1
LLWNGPMAV,CASAGPEMYEQYF,1
LLWNGPMAV,CATSVHRGRSFYGYTF,1
LLWNGPMAV,CASSGQGSYDEQFF,1
LLWNGPMAV,CASGMDTTPASPLHF,1
LLWNGPMAV,CASSLEGRWGQPLNQPQHF,1
LLWNGPMAV,CASSLGHVSRGYNSPLHF,1
LLWNGPMAV,CASSVGGVSYNGYTF,1
LLWNGPMAV,CASVGGVPYNEQFF,1
LLWNGPMAV,CASSQGNSGNTIYF,1
LLWNGPMAV,CASSGQGAYEQYV,1
LLWNGPMAV,CASSSSGSATDTQYF,1
LLWNGPMAV,CATSRGQGEETQYF,1
LLWNGPMAV,CSAPLAGYNEQFF,1
LLWNGPMAV,CASSPESSGGTAYEQYF,1
LLWNGPMAV,CASSPGTTAEQFF,1
LLWNGPMAV,CASSAGGAYEQYV,1
LLWNGPMAV,CSAQTWWEKLFF,1
LLWNGPMAV,CSARAEEGAYNEQFF,1
LLWNGPMAV,CASSQESGSYEQYF,1
LLWNGPMAV,CASSLVAGGGTGELFF,1
LLWNGPMAV,CASSLATVLDMGQGRNIQYF,1
LLWNGPMAV,CASSLGGSVNQPQHF,1
LLWNGPMAV,CASTHTGTVSYEQYF,1
LLWNGPMAV,CASSLGTGANYGYTF,1
LLWNGPMAV,CASNKKGGFYNEQFF,1
LLWNGPMAV,CASSSQGGSSQAFF,1
LLWNGPMAV,CSAVSGNQPQHF,1
LLWNGPMAV,CSAPTSGGTAYEQYF,1
LLWNGPMAV,CASSTLQGQEAFF,1
LLWNGPMAV,CSATSAGPEMYEQYF,1
LLWNGPMAV,CVSRPGQAYEQYF,1
LLWNGPMAV,CASSLEVLAGVLYEQYF,1
LLWNGPMAV,CASSPEASVSYGYTF,1
LLWNGPMAV,CASSPSGGVSYNEQFF,1
LLWNGPMAV,CASSFPGLSEAFF,1
LLWNGPMAV,CASSESGTGYNEQFF,1
LLWNGPMAV,CASSGVIDTQYF,1
TPRVTGGGAM,CASSLGLGTGHPNEKLFF,1
TPRVTGGGAM,CASSLVGVGLSDEQFF,1
TPRVTGGGAM,CASSYSHGELFF,1
TPRVTGGGAM,CASSLSPSTVNTGELFF,1
TPRVTGGGAM,CASSLHDRSGARTEAFF,1
TPRVTGGGAM,CASRLGPGGPPDTQYF,1
TPRVTGGGAM,CASSFIGEGGSDEQYF,1
TPRVTGGGAM,CASSLVGSGQGDEQFF,1
TPRVTGGGAM,CASSSHDRDGGHSPLHF,1
TPRVTGGGAM,CASSQEPSASYEQYF,1
TPRVTGGGAM,CASSYSIRTEAFF,1
TPRVTGGGAM,CASSSHDRHGIGSPLHF,1
TPRVTGGGAM,CASSLIGESVRNEQFF,1
TPRVTGGGAM,CASSFIGVGKTDEQYF,1
TPRVTGGGAM,CASSLIGVSGSNEQFF,1
TPRVTGGGAM,CASTITGRGVDEQYF,1
TPRVTGGGAM,CASSPDSPGAEREQYF,1
TPRVTGGGAM,CASSFRDRGNYEQYF,1
TPRVTGGGAM,CASSLGSGIYNEQFF,1
TPRVTGGGAM,CASSKPGTGLSGGGYTF,1
TPRVTGGGAM,CSARDPGSTYEQYF,1
TPRVTGGGAM,CASSYHDLGGAGSPLHF,1
TPRVTGGGAM,CASSYDTGLTEQYF,1
TPRVTGGGAM,CASSIHHRGSSSPLHF,1
TPRVTGGGAM,CASSLLMGARYEQYF,1
TPRVTGGGAM,CASSLSLSTSSNEQFF,1
TPRVTGGGAM,CASSRGTPNEQFF,1
TPRVTGGGAM,CASSSHDETGVGSPLHF,1
TPRVTGGGAM,CASSFVAGSSYNEQFF,1
TPRVTGGGAM,CASSTHDRSGVGSPLHF,1
TPRVTGGGAM,CASSLIGVSPYNEQFF,1
TPRVTGGGAM,CASSFQDGYNEQFF,1
TPRVTGGGAM,CASSDRTEGDYEQYF,1
TPRVTGGGAM,CASSLGGEPGELFF,1
TPRVTGGGAM,CASSFHDREGVGSPLHF,1
TPRVTGGGAM,CASSLSFGFRGFGTEAFF,1
TPRVTGGGAM,CASSQEGLARDEQFF,1
TPRVTGGGAM,CASSLIGVGERDTQYF,1
TPRVTGGGAM,CASSFLQGPSSGNTIYF,1
TPRVTGGGAM,CASRTGSGSYNEQFF,1
TPRVTGGGAM,CASSLAGDRPGTEAFF,1
TPRVTGGGAM,CASSYQDLQGIRSPLHF,1
TPRVTGGGAM,CASSLVGEGLPRAREQYF,1
TPRVTGGGAM,CASSLGSGARELFF,1
TPRVTGGGAM,CASSTHDLGGVGSPLHF,1
TPRVTGGGAM,CASSLGAAVGELFF,1
TPRVTGGGAM,CASSNRDRGAYEQYF,1
TPRVTGGGAM,CASSSHEVQGYNSPLHF,1
TPRVTGGGAM,CASSIMDRGPGELFF,1
TPRVTGGGAM,CASSFHDRTGVSSPLHF,1
TPRVTGGGAM,CASSTHDLQGPSSPLHF,1
TPRVTGGGAM,CASSLREGPYPETQYF,1
TPRVTGGGAM,CASSLGVSNYEQYF,1
TPRVTGGGAM,CASSLGPAHYEQYF,1
TPRVTGGGAM,CASRIGGAGNSPLHF,1
GILGFVFTL,CASSSSDSRTEAFF,1
GILGFVFTL,CASSTHGADTEAFF,1
GILGFVFTL,CASSPNGGNEQFF,1
GILGFVFTL,CASSQYAPIRTEAFF,1
GILGFVFTL,CASSMRAGGEQYF,1
GILGFVFTL,CASSLEINEQFF,1
GILGFVFTL,CASSQPDRTNTEAFF,1
GILGFVFTL,CANSAGGQGGRSGELFF,1
GILGFVFTL,CASRTGAKNTEAFF,1
GILGFVFTL,CASRITGPEAFF,1
GILGFVFTL,CSARAWDRAQATNEKLFF,1
GILGFVFTL,CASSTFGNEQFF,1
GILGFVFTL,CASSPHGGANTEAFF,1
GILGFVFTL,CPSCSQDRGLGTGELFF,1
GILGFVFTL,CASSLVIQGGLAGPHEQFF,1
GILGFVFTL,CASSYKRLNTEAFF,1
GILGFVFTL,CASSDGSEANEQFF,1
GILGFVFTL,CASSTASTDTQYF,1
GILGFVFTL,CASSLFGGTSGDNEQFF,1
GILGFVFTL,CASSVTDRGSTEAFF,1
GILGFVFTL,CASSSANEQFF,1
GILGFVFTL,CASSMYRVNEQFF,1
GILGFVFTL,CSARDPDTGELFF,1
GILGFVFTL,CAWSVTFYNEQFF,1
GILGFVFTL,CASRDGTYSYNEQFF,1
GILGFVFTL,CASSPGRVTNEKLFF,1
GILGFVFTL,CASRFWLATLRTEAFF,1
GILGFVFTL,CASSFGLAGGNEQFF,1
GILGFVFTL,CASSFRSSSEAFF,1
GILGFVFTL,CASSVTREYEQFF,1
GILGFVFTL,CSVADLTPAFF,1
GILGFVFTL,CASSLDPGTVSYNEQFF,1
GILGFVFTL,CASSGSDYNEQFF,1
GILGFVFTL,CASSIVPFNEQFF,1
GILGFVFTL,CASSLSAGYTEAFF,1
GILGFVFTL,CASSSGTGGNEQFF,1
GILGFVFTL,CASKILFSYNEQFF,1
GILGFVFTL,CSARDPSANTGELFF,1
GILGFVFTL,CASSIYGAVNTEAFF,1
GILGFVFTL,CASSYRPNTGELFF,1
GILGFVFTL,CASSIYSRNEQFF,1
GILGFVFTL,CASSPNSDEQFF,1
GILGFVFTL,CASSKRFIEGTEAFF,1
GILGFVFTL,CASSPSSVGEQFF,1
GILGFVFTL,CASSPRSATGAFF,1
GILGFVFTL,CGSSGWGKTEAFF,1
GILGFVFTL,CASSIHWGNTEAFF,1
GILGFVFTL,CASSINGGGNNEQFF,1
GILGFVFTL,CASSFGAGNNEQFF,1
GILGFVFTL,CASSIFGGTEAFF,1
GILGFVFTL,CASSLTRLARSYNEQFF,1
GILGFVFTL,CASTIWGDYNEQFF,1
GILGFVFTL,CASGGNAEAFF,1
GILGFVFTL,CASSDAGTRVYNEQFF,1
GILGFVFTL,CASSEGSAYSYNEQFF,1
GILGFVFTL,CASSSRAGWDEQFF,1
GILGFVFTL,CASSPNSAGWTGELFF,1
GILGFVFTL,CASSLSGRVNGELFF,1
GILGFVFTL,CASSRTGIGTEAFF,1
GILGFVFTL,CSVEFEGSSTEAFF,1
GILGFVFTL,CASSTRAFYEQYF,1
GILGFVFTL,CASSPVVEGDYNEQFF,1
GILGFVFTL,CASSQDPAGGGVEQFF,1
GILGFVFTL,CASSLTYGQGMSSGANVLTF,1
GILGFVFTL,CASSMFGRYEQFF,1
GILGFVFTL,CASSSGFEEAFF,1
GILGFVFTL,CASSTPGQGHNEQFF,1
GILGFVFTL,CASSDAVRYSSYNEQFF,1
GILGFVFTL,CASSLGGASAELFF,1
GILGFVFTL,CASSEGGGGTEAFF,1
GILGFVFTL,CASSDRDSTEAFF,1
GILGFVFTL,CASSDSKADRGASDTEAFF,1
GILGFVFTL,CASSIGVGEQFF,1
GILGFVFTL,CASSIFGTSLQFF,1
GILGFVFTL,CASSGWGNTAAFF,1
GILGFVFTL,CASSIFGTSYNEQFF,1
GILGFVFTL,CASSYSIISRDQGAINEQFF,1
GILGFVFTL,CASSPPGRGLAGPHTDTQYF,1
GILGFVFTL,CASSHPEGWGRTEAFF,1
GILGFVFTL,CASTPFGSPGTEAFF,1
GILGFVFTL,CASSEFGGALDEQFF,1
GILGFVFTL,CASQPTGSNEQFF,1
GILGFVFTL,CASCSQDRGLDTRELFF,1
GILGFVFTL,CASSGWGNTEAFFF,1
GILGFVFTL,CSEQAPAGLRPSYNEQFF,1
GILGFVFTL,CASSLGTAEAFF,1
GILGFVFTL,CASSQYSVGEQYF,1
GILGFVFTL,CASSWFYFHSDNEQFF,1
GILGFVFTL,CASRGYNEQFF,1
GILGFVFTL,CASSIRSAWAQHF,1
GILGFVFTL,CAISESGRDNEQFF,1
GILGFVFTL,CASSQDIGSLNTEAFF,1
GILGFVFTL,CASSGRSGYNEQFF,1
GILGFVFTL,CASSVFGTPYNEQFF,1
GILGFVFTL,CASSISGANYNEQFF,1
GILGFVFTL,CASSSRAAYEQFF,1
GILGFVFTL,CARCSQDRGLDTGELFF,1
GILGFVFTL,CASSTGWGAGQPQHF,1
GILGFVFTL,CASSMLSQDIQYF,1
GILGFVFTL,CASSAPDLGGDTEAFF,1
ALWEIQQVV,CASSLIWLAGELTGELFF,1
ALWEIQQVV,CAWINPGQGPYEQYF,1
ALWEIQQVV,CASGSTSFNEQFF,1
ALWEIQQVV,CASSYQPGVATNEKLFF,1
ALWEIQQVV,CASMADTQYF,1
ALWEIQQVV,CASSAQEGRIEMNTEAFF,1
ALWEIQQVV,CASSVAGTGGLFYTF,1
ALWEIQQVV,CASSPGQVEAFF,1
ALWEIQQVV,CASSLSFGGEKAFF,1
ALWEIQQVV,CASSYVTGASYEQYF,1
ALWEIQQVV,CAKLVTGAVSGEQFF,1
ALWEIQQVV,CASSEDPASYEQYF,1
ALWEIQQVV,CAISESWTSGIGREETQYF,1
ALWEIQQVV,CASSLTPGGSTDTQYF,1
ALWEIQQVV,CASGGTVDSSYNSPLHF,1
ALWEIQQVV,CASRSWVRAPNQPQHF,1
ALWEIQQVV,CASSLAQGTGYTF,1
ALWEIQQVV,CASSYLGQGENYGYTF,1
ALWEIQQVV,CASSLRDTATNEKLFF,1
ALWEIQQVV,CASTDGGRGLNTEAFF,1
ALWEIQQVV,CATSSMGYSNQPQHF,1
ALWEIQQVV,CASSQGTGSSYNEQFF,1
ALWEIQQVV,CASSYVTGANTEAFF,1
ALWEIQQVV,CASSPGSDNEQFF,1
ALWEIQQVV,CASAGPGNTIYF,1
ALWEIQQVV,CASSMVVHEQFF,1
ALWEIQQVV,CASREGQHDEKLFF,1
ALWEIQQVV,CASSIGLGGGYTF,1
YLQPRTFLL,CSARDQQGQNTGELFF,1
YLQPRTFLL,CASSVSPNEQFF,1
YLQPRTFLL,CATLGSNTGELFF,1
YLQPRTFLL,CVRGEANTGELFF,1
YLQPRTFLL,CASLGDPNTGELFF,1
YLQPRTFLL,CATTDLDSGELFF,1
YLQPRTFLL,CASSSEIEAFF,1
YLQPRTFLL,CAWLRDMNTGELFF,1
YLQPRTFLL,CAVEGVYGEAFF,1
YLQPRTFLL,CASSPRGPSTDTQYF,1
YLQPRTFLL,CASSILAGGNTGELFF,1
YLQPRTFLL,CSVDRDRNTGELFF,1
YLQPRTFLL,CASFQDQNTGELFF,1
YLQPRTFLL,CASSPVAGGNTGELFF,1
YLQPRTFLL,CAIASQNTGELFF,1
YLQPRTFLL,CSARDERALNTGELFF,1
YLQPRTFLL,CASSSATFFEQNYGYTF,1
YLQPRTFLL,CASSEIAGGNTGELFF,1
YLQPRTFLL,CSARDHGATNTGELFF,1
YLQPRTFLL,CASSSDIIAFF,1
YLQPRTFLL,CSVSRDRNTGELFF,1
YLQPRTFLL,CADQDSNTGELFF,1
YLQPRTFLL,CASSDDLGGNTGELFF,1
YLQPRTFLL,CASSPEDIQYF,1
YLQPRTFLL,CAEGERNTGELFF,1
YLQPRTFLL,CSARDAGGQNTGELFF,1
YLQPRTFLL,CASSSVSLGNEQFF,1
YLQPRTFLL,CASSPDILHTF,1
YLQPRTFLL,CASPSENTGELFF,1
YLQPRTFLL,CASSQDIYAFF,1
YLQPRTFLL,CASRDRGNYYGYTF,1
YLQPRTFLL,CARQDSNTGELFF,1
YLQPRTFLL,CSARTPMGQNTGELFF,1
YLQPRTFLL,CASSLLDSLEQYF,1
YLQPRTFLL,CASSPPSGGNTGELFF,1
YLQPRTFLL,CASHSDRNTGELFF,1
YLQPRTFLL,CAGSTSLTGELFF,1
YLQPRTFLL,CASSEGESNTGELFF,1
YLQPRTFLL,CAEQDLNTGELFF,1
YLQPRTFLL,CSVTRDSNTGELFF,1
YLQPRTFLL,CASSPPGHGNTGELFF,1
YLQPRTFLL,CSAQWDRNTGELFF,1
YLQPRTFLL,CATSDLQRGNTGELFF,1
YLQPRTFLL,CASQDINTGELFF,1
YLQPRTFLL,CASRGPGQMNTGELFF,1
YLQPRTFLL,CASAEMNTGELFF,1
YLQPRTFLL,CATGGDHNTGELFF,1
YLQPRTFLL,CASGHPNDLKAFF,1
YLQPRTFLL,CSARDQASQNTGELFF,1
YLQPRTFLL,CASSPTGGGNTGELFF,1
YLQPRTFLL,CASSADIEQYF,1
YLQPRTFLL,CASTELDTGELFF,1
YLQPRTFLL,CANGSPNTGELFF,1
YLQPRTFLL,CSARDLAGMNTGELFF,1
YLQPRTFLL,CASSSDDMRNTGELFF,1
YLQPRTFLL,CSARDRQGQNTGELFF,1
YLQPRTFLL,CASSSGQGVDAFF,1
YVLDHLIVV,CSVGLALYNEQFS,1
YVLDHLIVV,CSASYPA,1
YVLDHLIVV,CASSSYSSEQFY,1
YVLDHLIVV,CASSPTVANYGYTL,1
YVLDHLIVV,CSAVQALYNEQFS,1
YVLDHLIVV,CASSLF,1
YVLDHLIVV,CSARGDRGEVETQYI,1
YVLDHLIVV,CASSLDLVRREAISPSI,1
YVLDHLIVV,CASSVIGTQYI,1
YVLDHLIVV,CSAQDGANTGELFL,1
YVLDHLIVV,CSAPGLAGQVSSCEQYL,1
YVLDHLIVV,CSASWTSGSVDTQYL,1
YVLDHLIVV,CASRQL,1
YVLDHLIVV,CASFSMTGQETQYS,1
YVLDHLIVV,CASRGTGGLYNEQFL,1
YVLDHLIVV,CASSALLGAASTQYC,1
YVLDHLIVV,CASSEQANEQFL,1
YVLDHLIVV,CSVYDSYYGYPS,1
YVLDHLIVV,CSLTPPAGTSGRTDTQCL,1
YVLDHLIVV,CACSRTPSYEQYS,1
YVLDHLIVV,CASSLLAGDTQYL,1
YVLDHLIVV,CASSPTLQGVAYEQYS,1
YVLDHLIVV,CASSLAGPNEQFS,1
YVLDHLIVV,CSVRGSAFYEQYS,1
YVLDHLIVV,CASSLYQETQYF,1
YVLDHLIVV,CSVGGTGSGTCGAFSYNEQFL,1
YVLDHLIVV,CARGFGTSGEADTQYS,1
YVLDHLIVV,CASSLVLAGVHEQYL,1
YVLDHLIVV,CARRPGGRGIP,1
YVLDHLIVV,CCVGLALYNEQFS,1
YVLDHLIVV,CSVVAGANNEQFTD,1
YVLDHLIVV,CSARPEGASCNEQFL,1
YVLDHLIVV,CSAIGGWLALGTDTQYV,1
YVLDHLIVV,CSVGGTGS,1
YVLDHLIVV,CSVVSLLGNGQFI,1
YVLDHLIVV,CASSHMFAAFY,1
YVLDHLIVV,CASSLFV,1
YVLDHLIVV,CARSDLGGIP,1
YVLDHLIVV,CRVGQGEDNEQFS,1
YVLDHLIVV,CASSWTPSYEQYL,1
YVLDHLIVV,CSARGKGSIYNEQFL,1
YVLDHLIVV,CSAR,1
YVLDHLIVV,CASSLAAGLAPHPDEQFS,1
YVLDHLIVV,CASIAFV,1
YVLDHLIVV,CSALGLADSYEQYV,1
YVLDHLIVV,CARSDLGGGGIP,1
YVLDHLIVV,CSARGTSFYEQYS,1
YVLDHLIVV,CSARGSTFYEQYS,1
YVLDHLIVV,CASSQSKVDGAVKHSVG,1
YVLDHLIVV,CSVGGTGSGTSGAYSYNEQP,1
YVLDHLIVV,CSAPGLAGQVSSYEQYS,1
YVLDHLIVV,CASSLYSGEQYY,1
YVLDHLIVV,CSARPETSLGQYL,1
YVLDHLIVV,CASSQLGSYEQYL,1
YVLDHLIVV,CSARPTVSYEQYS,1
YVLDHLIVV,CSAASAAS,1
YVLDHLIVV,CASSVGAVGTSGTRDPVI,1
YVLDHLIVV,CASSVEDLRYGYTY,1
YVLDHLIVV,CASSTLGTSGRLAYEQYL,1
YVLDHLIVV,CASSSLTYNEQFL,1
YVLDHLIVV,CSAVAGPNNEQFL,1
YVLDHLIVV,CASSLLRTDYNEQFS,1
YVLDHLIVV,CASSVLLGSASTQYI,1
YVLDHLIVV,CASSPDPTGYNEQFS,1
YVLDHLIVV,CSARTSGSYEQYF,1
YVLDHLIVV,CSASAPRGLLQETQYL,1
YVLDHLIVV,CASSQERGSYEQYS,1
YVLDHLIVV,CSALTVPGLAGGMGRNEQFL,1
YVLDHLIVV,CASSEFLDYYGYTS,1
YVLDHLIVV,CASSQSKVGGAVKHSVL,1
YVLDHLIVV,CASSERSAYEQYS,1
YVLDHLIVV,CASSPDI,1
YVLDHLIVV,CASSGINAELFV,1
YVLDHLIVV,CSATIPPYNEQFS,1
YVLDHLIVV,CASRHPLGGASEQYI,1
YVLDHLIVV,CSGGGTGAGTSGAYSYNEQFL,1
YVLDHLIVV,CASGGFLSLPYEQYL,1
YVLDHLIVV,CASSLTYGGAGELFFL,1
YVLDHLIVV,CASRALLGGATEAFL,1
YVLDHLIVV,CSVGQALYNEQFV,1
YVLDHLIVV,CSVGLALYNEQFL,1
YVLDHLIVV,CSASSQQDYGYTL,1
YVLDHLIVV,CASSLSNETFS,1
YVLDHLIVV,CASSHT,1
YVLDHLIVV,CASSLYSDTQYV,1
YVLDHLIVV,CSEDTLRRETQYS,1
YVLDHLIVV,CSAAQALYNEQFS,1
YVLDHLIVV,CASRSGTSVSYEQYS,1
YVLDHLIVV,CASSFLLGGLSPSNL,1
YVLDHLIVV,CASRPLTGAVSPSI,1
YVLDHLIVV,CASSQDQGHGEAFL,1
YVLDHLIVV,CAWNDGPNYNEQFS,1
YVLDHLIVV,CSVGGTGSGTSG,1
YVLDHLIVV,CASSLTSGTDTQY,1
YVLDHLIVV,CASSPA,1
YVLDHLIVV,CSVGVRGESGANVLTL,1
YVLDHLIVV,CSVVSWYEQLL,1
YVLDHLIVV,CASTLGDTQYS,1
YVLDHLIVV,CASRQQGST,1
YVLDHLIVV,CASSDSPLAGQETQYS,1
SPRWYFYYL,CASSSLVGIQAGKETQYF,1
SPRWYFYYL,CASSLAGGPATEQYF,1
SPRWYFYYL,CASSAPVISGTYEQYF,1
SPRWYFYYL,CASSLAGAQQAFF,1
SPRWYFYYL,CASSLIAGGPEAKNIQYF,1
SPRWYFYYL,CASSSRTAPSDTQYF,1
SPRWYFYYL,CASSSMTGIGRYEQYF,1
SPRWYFYYL,CASSSMTSGIRYEQYF,1
SPRWYFYYL,CASSPLTGGPEEKGTQYF,1
SPRWYFYYL,CASSRTGGSYNEQFF,1
SPRWYFYYL,CSARDPGRNFYDEQFF,1
SPRWYFYYL,CASSPMTGQEKDKNIQYF,1
SPRWYFYYL,CASSQVLAGSTDTQYF,1
SPRWYFYYL,CASSPALGREQYF,1
SPRWYFYYL,CASSLFSSGQGNGYTF,1
SPRWYFYYL,CASSPLTGRSEEKETQYF,1
SPRWYFYYL,CASSRLTPGQGDYF,1
SPRWYFYYL,CSVDGGSTIYF,1
SPRWYFYYL,CSATYRGTPYEQYF,1
SPRWYFYYL,CASSPLAGGFEKKETQYF,1
SPRWYFYYL,CATQPRSSYNSPLHF,1
SPRWYFYYL,CASSAIAGGRREQYF,1
SPRWYFYYL,CASSLWNTGELFF,1
SPRWYFYYL,CASSRLESLGNTIYF,1
SPRWYFYYL,CASSLAGALEQYF,1
SPRWYFYYL,CASSLNPNTEAFF,1
SPRWYFYYL,CASRPLTGGPLAKNIQYF,1
SPRWYFYYL,CATEPGQGLVGELFF,1
SPRWYFYYL,CASSLLPLGGQKDNEQFF,1
SPRWYFYYL,CASSQDWTEVHEQFF,1
SPRWYFYYL,CASSPRDSPSDEQFF,1
SPRWYFYYL,CATSRLAGGYNEQFF,1
SPRWYFYYL,CASSSGTGQGGFYGYTF,1
SPRWYFYYL,CASSSLTGPSLAKNIQYF,1
SPRWYFYYL,CASSVEVQARSDTQYF,1
SPRWYFYYL,CASSPLTGQGLGGAYEQYF,1
SPRWYFYYL,CASRNLTGNIQYF,1
SPRWYFYYL,CASRRDRVNTEAFF,1
SPRWYFYYL,CASSYLPTGGTDTQYF,1
SPRWYFYYL,CASSLAGLGYTF,1
SPRWYFYYL,CASSFLVGRAPEKETQYF,1
SPRWYFYYL,CATSDLTQDTQYF,1
SPRWYFYYL,CASSYYPSASGRADETQYF,1
SPRWYFYYL,CASSALTSAKRYEQFF,1
SPRWYFYYL,CASSRAQSSYGYTF,1
SPRWYFYYL,CATSEEVPNTEAFF,1
SPRWYFYYL,CASSDLAQYLNTGELFF,1
SPRWYFYYL,CASSLAGGGTQPQHF,1
SPRWYFYYL,CATSDLVEDTQYF,1
SPRWYFYYL,CASSPITGAPEAKNIQYF,1
SPRWYFYYL,CASNLLTGGDADTQYF,1
SPRWYFYYL,CASSQDSGTGSKNTIYF,1
SPRWYFYYL,CASRHHLIGTGHTGELFF,1
SPRWYFYYL,CASSTEDRVSYNEQFF,1
SPRWYFYYL,CASSLFSGGAAMNTEAFF,1
GLCTLVAML,CASSSGQTAPGELFF,1
GLCTLVAML,CASSSGGGAPSGNTIYF,1
GLCTLVAML,CASSSLGGGWGGQYL,1
GLCTLVAML,CASSLNAGDNEQFF,1
GLCTLVAML,CASSQIAGSYEQYC,1
GLCTLVAML,CSARDGTGNGYTV,1
GLCTLVAML,CASSKRTGGGSPSI,1
GLCTLVAML,CASSVDTGLTGELFF,1
GLCTLVAML,CSGEWDQNIQYF,1
GLCTLVAML,CASSQSPG,1
GLCTLVAML,CASSQGVGDTLSYEQYF,1
GLCTLVAML,CASSVAGGEEQFC,1
GLCTLVAML,CASSPTSGSIYEQYFG,1
GLCTLVAML,CASSPTSGSIFEQYL,1
GLCTLVAML,CASSK,1
GLCTLVAML,CSARSGQGNDYTF,1
GLCTLVAML,CASSSGQLSNTGELFF,1
GLCTLVAML,CASSAPDKAPNEQYF,1
GLCTLVAML,CASSYGQ,1
GLCTLVAML,CASSL,1
GLCTLVAML,CKSGTS,1
GLCTLVAML,CASSPTSWSIYEQYI,1
GLCTLVAML,CSVAGTRTDTQYW,1
GLCTLVAML,CASSSHLDREETQYY,1
GLCTLVAML,CSARDGTGNGYTSL,1
GLCTLVAML,CASGGGGGGYYNEQFF,1
GLCTLVAML,CSARDTTGNGYTL,1
GLCTLVAML,CSARPTSGRSYEQYL,1
GLCTLVAML,CASSLAKRGAEEQYS,1
GLCTLVAML,CSARDGAGNTIYY,1
GLCTLVAML,CASSQALGNEQFI,1
GLCTLVAML,CASSLAKKGAEEQYS,1
GLCTLVAML,CAGSQSPGGTQYS,1
GLCTLVAML,CSARD,1
GLCTLVAML,CASSPGLAG,1
GLCTLVAML,CASSYSVTDTGELFS,1
GLCTLVAML,CASSSGQKAPGELFF,1
GLCTLVAML,CASSLAL,1
GLCTLVAML,CSVGSGGTNEKTVFL,1
GLCTLVAML,CASSSGTDLNQPQH,1
GLCTLVAML,CSVGGSFYGYT,1
GLCTLVAML,CSARDRVGNGYTC,1
GLCTLVAML,CSARFREYSGNTIYS,1
GLCTLVAML,CASRSGGAGGPNYGYTL,1
GLCTLVAML,CASSLGPAYEQHL,1
GLCTLVAML,CASSGARDTQYS,1
GLCTLVAML,CASSLNFGDSYNEQFF,1
GLCTLVAML,CATSSRTGPSYNEQFF,1
GLCTLVAML,CASSLGGEQYS,1
GLCTLVAML,CTSRLRGRGIVNNEQFL,1
GLCTLVAML,CASSQSPGGIQYL,1
GLCTLVAML,CASSPTSGSIIEQYL,1
GLCTLVAML,CASCPSG,1
GLCTLVAML,CASSQSPGGTQY,1
GLCTLVAML,CSARFRENSGTPYI,1
GLCTLVAML,CASSS,1
GLCTLVAML,CASSEASDITDTQYS,1
GLCTLVAML,CASRLRGRGIVVNEQFL,1
GLCTLVAML,CASSDGQVATNEKLFFG,1
GLCTLVAML,CASSGGQVVPGELFF,1
GLCTLVAML,CASSYPTGHSSYNEQVL,1
GLCTLVAML,CSARSHVGNTIYF,1
GLCTLVAML,CSARDVTSKNYGYTL,1
GLCTLVAML,CSARDRV,1
GLCTLVAML,CASSEGQVLPGEQYF,1
GLCTLVAML,CSASRGMYGYTL,1
GLCTLVAML,CASSQSPGGTQYC,1
GLCTLVAML,CSASREMYGYTA,1
GLCTLVAML,CSVGGQANTEAFL,1
GLCTLVAML,CASSVGGLAGGVETQYF,1
GLCTLVAML,CSVRSEGDTIYF,1
GLCTLVAML,CSVPPGADYNEQSS,1
GLCTLVAML,CASRTGTGNEKLFL,1
GLCTLVAML,CASSPRGS,1
GLCTLVAML,CASSPTSGSVYEQFL,1
GLCTLVAML,CSVPAGTDYNEQFS,1
GLCTLVAML,CSVDGEGAGDTL,1
GLCTLVAML,CASSNQGDGTDTQYF,1
GLCTLVAML,CASSPPEQLPTEAFF,1
GLCTLVAML,CASSLPRDTL,1
GLCTLVAML,CASSPGQLSNTGELFF,1
GLCTLVAML,CASSNSRQGRLRAVL,1
GLCTLVAML,CSADRGDGYTL,1
GLCTLVAML,CASSFLAGGPFETQYF,1
GLCTLVAML,CASSVDSGLTGELFF,1
GLCTLVAML,CASKTGTGNEKLFL,1
GLCTLVAML,CASRLRGRGIVDNEQFL,1
GLCTLVAML,CSVAGTRTDAQYL,1
GLCTLVAML,CASSGSLDEQFS,1
GLCTLVAML,CASIQSGFVYEQYL,1
GLCTLVAML,CSAPEGLAGYEQYL,1
GLCTLVAML,CASSGMTRSTIYS,1
GLCTLVAML,CASN,1
GLCTLVAML,CASSPQGVSPGTIYF,1
GLCTLVAML,CSARSQVGNTIYF,1
GLCTLVAML,CSARVRPTGNTIYF,1
GLCTLVAML,CASSPTSGSSYEQYC,1
GLCTLVAML,CASSYPTGHSSYNEQFS,1
GLCTLVAML,CASSTGQQTNTGELFF,1
GLCTLVAML,CASAGPGQVYEQYV,1
RPHERNGFTVL,CASSPDSTGPQETQYF,1
RPHERNGFTVL,CASSQAGRGLGEKLFF,1
RPHERNGFTVL,CASSLSLDSGANVLTF,1
RPHERNGFTVL,CARGGRAKNTEAFF,1
RPHERNGFTVL,CASSSAEEAGYLYGYTF,1
RPHERNGFTVL,CSVGAGGNTIYF,1
RPHERNGFTVL,CASSHDERTGSYEQYF,1
RPHERNGFTVL,CASSEGLEIRMRSSYEQYF,1
RPHERNGFTVL,CSARATGQDSNTEAFF,1
RPHERNGFTVL,CATSDLTTGANTGELFF,1
RPHERNGFTVL,CASGPGRGLSLGNQPQHF,1
RPHERNGFTVL,CASSPARNTEAFF,1
RPHERNGFTVL,CAISLGTSGRESYNEQFF,1
RPHERNGFTVL,CASSRFVPGQGGGTDTQYF,1
RPHERNGFTVL,CASSSSRDRGYNYGYTF,1
RPHERNGFTVL,CASSVGSSATYNEQFF,1
RPHERNGFTVL,CASSPEGLWPQHF,1
RPHERNGFTVL,CASSPSRNTEAFF,1
RPHERNGFTVL,CASSPHRNTEAFF,1
RPHERNGFTVL,CASGSQGRGDTEAFF,1
RPHERNGFTVL,CASSQTRNREAFF,1
RPHERNGFTVL,CASSRKFTGVMNTEAFF,1
RPHERNGFTVL,CASSPPMGADTQYF,1
RPHERNGFTVL,CAISDWRQGGATAYEQYF,1
RPHERNGFTVL,CSARDFRDPKTTEAFF,1
RPHERNGFTVL,CSASGSSVRSTYEQYF,1
RPHERNGFTVL,CASAPNPNTGELFF,1
RPHERNGFTVL,CASSGWEGELFF,1
RPPIFIRRL,CASSQDRFTGSYTF,1
RPPIFIRRL,CASSLFRGGGYGYTF,1
RPPIFIRRL,CASSQETGSYTIYF,1
RPPIFIRRL,CASSIPGWTEAFF,1
RPPIFIRRL,CASSFPQGGSSGNTIYF,1
RPPIFIRRL,CASSQDRLTGFYTF,1
RPPIFIRRL,CASSLPQGGQVGNTIYF,1
RPPIFIRRL,CASSDHQGGDGNTIYF,1
RPPIFIRRL,CASSLPAGGYSGNTIYF,1
RPPIFIRRL,CASSRLPGTGHTGELFF,1
RPPIFIRRL,CASSQETGTFYGYTF,1
RPPIFIRRL,CASSYAAGPLETQYF,1
RPPIFIRRL,CASSQQAGSLETQYF,1
RPPIFIRRL,CASSYPSGGTSGNTIYF,1
RPPIFIRRL,CASSQEHKESYEQYF,1
RPPIFIRRL,CASSQETGIYEQYF,1
RPPIFIRRL,CASSQDPSQEGFF,1
RPPIFIRRL,CASSVEYGRSTDTQYF,1
RPPIFIRRL,CAIEDSQGGNTEAFF,1
RPPIFIRRL,CASSQDRFTGTYTF,1
RPPIFIRRL,CASSQEAGLGYEKLFF,1
RPPIFIRRL,CASTLPEAGEFYGYTF,1
RPPIFIRRL,CASSSGQGGELF,1
RPPIFIRRL,CASKDLSGGEQYF,1
RPPIFIRRL,CASSELAGGDRTEAFF,1
RPPIFIRRL,CASSQDRLTGRYTF,1
RPPIFIRRL,CASSPGRGLATNEKLFF,1
RPPIFIRRL,CASSQDRLTGDYTF,1
RPPIFIRRL,CASRATFTDTQYF,1
RPPIFIRRL,CASSQLSGSLETQYF,1
RPPIFIRRL,CASSLDGPGAGEQYF,1
RPPIFIRRL,CASSYAAGQLETQYF,1
RPPIFIRRL,CASIPLDHNSNTEAFF,1
RPPIFIRRL,CASSQEGGTATYEQYF,1
RPPIFIRRL,CSVWGLAGGPTGYEQYF,1
RPPIFIRRL,CASSYSAGQLETQYF,1
RPPIFIRRL,CASIDLDPTGELFF,1
RPPIFIRRL,CASSHETGRNQPQHF,1
RPPIFIRRL,CASSQDLWGPGYTF,1
RPPIFIRRL,CASSGFSGPQDKPQHF,1
