cdr3,antigen.epitope
CASSLGNEQF,EAAGIGILTV
CASSLGVATGELF,EAAGIGILTV
CASSQEEGGGSWGNTIYF,EAAGIGILTV
CASSQEGLAGASQYF,EAAGIGILTV
CASSQGQLTDTQYF,EAAGIGILTV
CASSRTVGGPNEQF,EAAGIGILTV
CASSTGQGWGSF,EAAGIGILTV
CSTDGQTGTGELF,EAAGIGILTV
CASLAGQGYNEQF,SAYGEPRKL
CASLGAQNNEQF,AARAVFLAL
CASRLWFWALEAF,SAYGEPRKL
CASSYSTGDEQYF,AARAVFLAL
CASSQGTSQFNEQF,EAAGIGILTV
CASSSGQGLNIQYF,EAAGIGILTV
CASSESAGGYYNEQF,IVTDFSVIK
CASSFGFGSSYGYTF,IVTDFSVIK
CASSLASATGELF,AVFDRKSDAK
CASSLEPGRNEKLF,IVTDFSVIK
CASSLSRGLLNEAF,IVTDFSVIK
CASSLTSAAGELF,AVFDRKSDAK
CASSPTSAAGELF,AVFDRKSDAK
CASSVAESPGYPPLVTEAF,IVTDFSVIK
CASSVGDGGANTQYF,IVTDFSVIK
CASSVTSATGELF,AVFDRKSDAK
CASSWGGAAQF,IVTDFSVIK
CASTTGGATGYTF,IVTDFSVIK
CATGPRANTGELF,AVFDRKSDAK
CSASLYGRGQPQHF,IVTDFSVIK
CAMREDRDNYGKNFVF,GLCTLVAML
CASSEGNVAPGELF,GLCTLVAML
CASSSGELSAGELF,GLCTLVAML
CASSSGSGGYYNEQF,GLCTLVAML
CSAQGVGGQTYNEQF,GLCTLVAML
CSARVRSDRDVGNTIYF,GLCTLVAML
CSASIFRDLTHNEQF,GLCTLVAML
CSVRGQGDEQF,GLCTLVAML
CASGDWGYEQYF,TPAAPAPA
CASDSGVGNTIYF,GLCTLVAML
CASGSGVGNTIYF,GLCTLVAML
CASRSGVGNTIYF,GLCTLVAML
CASSFSRNTGELF,RAKFKQLL
CASSRGQGEQYF,RAKFKQLL
CASVSGVGNTIYF,GLCTLVAML
CASLAPGTTNEKLF,NLVPMVATV
CASLQAGANEQF,NLVPMVATV
CASLSGGGEQF,NLVPMVATV
CASLVASGQETQYF,NLVPMVATV
CASSEGQVSPGELF,GLCTLVAML
CASSKGSVAPGELF,GLCTLVAML
CASSLDAGDEQF,GLCTLVAML
CASSLDVGTEAF,GLCTLVAML
CASSLRIDGTDTQYF,GLCTLVAML
CASSLRNSYEQF,GLCTLVAML
CASSPGLTYPGELF,GLCTLVAML
CASSPPSGSGFNEQF,GLCTLVAML
CASSQAGLAAYNEQF,GLCTLVAML
CASSQSPGGIAF,GLCTLVAML
CASSQSPGGYQF,GLCTLVAML
CASSSGLLSNTGELF,GLCTLVAML
CASSVEGLRVTGELF,GLCTLVAML
CASSVVGSDEQF,GLCTLVAML
CSAGTGGTNEQF,GLCTLVAML
CSAMAGGLRIYNEQF,GLCTLVAML
CSARDGTGNGYYTF,GLCTLVAML
CSVAGLTTIEQF,GLCTLVAML
CSVEAGGRIYNEQF,GLCTLVAML
CSVEAGGSIYNEQF,GLCTLVAML
CSVGAAGTNEKLF,GLCTLVAML
CSVGSEGTNEQF,GLCTLVAML
CSVGTGGTNEQF,GLCTLVAML
CASSHRDSGNTIYF,NLVPMVATV
CATSDPLTASYEQF,NLVPMVATV
CASSLSGGGTEVF,LLGRNSFEV
CASSAWDRSSGANVLTF,NLVPMVATV
CASSELGGAGTGELF,NLVPMVATV
CASSFLQVTEAF,NLVPMVATV
CASSLFVGGPGNEQF,NLVPMVATV
CASSLQTGATFNYGYTF,NLVPMVATV
CASSPKLQGAWAEKLF,NLVPMVATV
CASSPPAGSYNEQF,NLVPMVATV
CASSPVAGGAYNEQF,NLVPMVATV
CASSPWTGTLNTEAF,NLVPMVATV
CASSQDPFAVLNTEAF,NLVPMVATV
CASSYSTGAGETQYF,NLVPMVATV
CASTGTSGALYNEQF,NLVPMVATV
CAWSSRGQMTDTQYF,NLVPMVATV
CANSYATGIGNYGYTF,NLVPMVATV
CASNPGTSNEQF,GLCTLVAML
CASNPSGGYTGELF,NLVPMVATV
CASSALGGGGTGELF,NLVPMVATV
CASSFAGGAAGELF,NLVPMVATV
CASSFFSKKYNNEQF,NLVPMVATV
CASSFGLNQPQHF,NLVPMVATV
CASSFGTGHTGELF,NLVPMVATV
CASSFSGGAPGELF,NLVPMVATV
CASSFWREPTYEQYF,NLVPMVATV
CASSLAPGATSEKLF,NLVPMVATV
CASSLEGFTEAF,NLVPMVATV
CASSLLIQGGENTEAF,NLVPMVATV
CASSLSPTSGLSYEQYF,NLVPMVATV
CASSLVSGSPTGELF,NLVPMVATV
CASSPGSINYGYTF,NLVPMVATV
CASSPGTGHGELF,NLVPMVATV
CASSQADRAVYGYTF,NLVPMVATV
CASSSLGGAGTGELF,NLVPMVATV
CASSSLYGDTGELF,NLVPMVATV
CASSSVTEAF,NLVPMVATV
CASSTPWGGTSGATDTQYF,NLVPMVATV
CASSVQGYTEAF,NLVPMVATV
CASSWLMGTTYNEQF,NLVPMVATV
CASSYFGGNTEAF,NLVPMVATV
CASSYFGSQSEQYF,NLVPMVATV
CASSYFPLADTQYF,NLVPMVATV
CASTPAGGAPGELF,NLVPMVATV
CATSRDLVAETQYF,NLVPMVATV
CAWIPGTGGAGGLF,NLVPMVATV
CAWSVSDIMNTEAF,NLVPMVATV
CSARDFDRTGELF,NLVPMVATV
CSARDPLDYVRTDTQYF,NLVPMVATV
CSVDRYGGDTYEQYF,NLVPMVATV
CSVQEGNYGYTF,GLCTLVAML
CASRYRDDSYNEQF,EENLLDFVRF
CASSLGQAYEQYF,EENLLDFVRF
CASSEGRVSPGELF,GLCTLVAML
CASSFQGYTEAF,NLVPMVATV
CASSLEGYTEAF,NLVPMVATV
CASSLTSGSPYNEQF,NLVPMVATV
CASIWAGLGQPQHF,EAAGIGILTV
CASQSGFLSNSPLHF,EAAGIGILTV
CASRDGTLSYNEQF,EAAGIGILTV
CASRLATLVGNEQF,EAAGIGILTV
CASRQQGLGSPLHF,EAAGIGILTV
CASRSGSLNTEAF,EAAGIGILTV
CASRWGQLTNYGYTF,EAAGIGILTV
CASRYQGLGQPQHF,EAAGIGILTV
CASSATGADQPQHF,EAAGIGILTV
CASSDYSNQPQHF,EAAGIGILTV
CASSEGMGQPQHF,EAAGIGILTV
CASSENQLMNTEAF,EAAGIGILTV
CASSFRGQNTEAF,EAAGIGILTV
CASSGQGMGYTF,EAAGIGILTV
CASSHQGVGQPQHF,EAAGIGILTV
CASSIAAVSLANYGYTF,EAAGIGILTV